<?xml version="1.0" encoding="UTF-8"?>
<project-private xmlns="http://www.netbeans.org/ns/project-private/1">
    <editor-bookmarks xmlns="http://www.netbeans.org/ns/editor-bookmarks/2" lastBookmarkId="0"/>
    <open-files xmlns="http://www.netbeans.org/ns/projectui-open-files/2">
        <group>
            <file>file:/C:/Users/armst/Desktop/PIC16F1717/I19_Bluetooth_HC05.X/Main.c</file>
            <file>file:/C:/Users/armst/Desktop/PIC16F1717/I19_Bluetooth_HC05.X/EUSART.h</file>
        </group>
    </open-files>
</project-private>
