<?xml version="1.0" encoding="UTF-8"?>
<project xmlns="http://www.netbeans.org/ns/project/1">
    <type>com.microchip.mplab.nbide.embedded.makeproject</type>
    <configuration>
        <data xmlns="http://www.netbeans.org/ns/make-project/1">
            <name>09_Watchdog_Timer</name>
            <creation-uuid>ec4a2bda-a5f3-4071-97aa-6050ddbc1e12</creation-uuid>
            <make-project-type>0</make-project-type>
            <c-extensions>c</c-extensions>
            <cpp-extensions/>
            <header-extensions>h</header-extensions>
            <asminc-extensions/>
            <sourceEncoding>ISO-8859-1</sourceEncoding>
            <make-dep-projects/>
        </data>
    </configuration>
</project>
